{"cameraMode":{"drawMode":0,"name":"Shaded","section":"Shading Mode"},"sceneLighting":false,"audioPlay":false,"sceneViewState":{"showFog":true,"showMaterialUpdate":false,"showSkybox":false,"showFlares":true,"showImageEffects":true,"showParticleSystems":true},"in2DMode":false,"pivot":{"x":-0.720576286315918,"y":0.9461173415184021,"z":-5.366237163543701},"rotation":{"x":-0.0730651319026947,"y":-0.9114099740982056,"z":0.3603382408618927,"w":-0.1848439872264862},"size":7.195651054382324,"orthographic":false}