{"cameraMode":{"drawMode":0,"name":"Shaded","section":"Shading Mode"},"sceneLighting":true,"audioPlay":false,"sceneViewState":{"showFog":true,"showMaterialUpdate":false,"showSkybox":true,"showFlares":true,"showImageEffects":true,"showParticleSystems":true},"in2DMode":false,"pivot":{"x":235.2340087890625,"y":19.19724464416504,"z":-10.692635536193848},"rotation":{"x":-0.553815484046936,"y":0.00032551068579778075,"z":-0.00020068211597390473,"w":-0.8326618075370789},"size":136.34469604492188,"orthographic":false}