{"cameraMode":{"drawMode":0,"name":"Shaded","section":"Shading Mode"},"sceneLighting":true,"audioPlay":false,"sceneViewState":{"showFog":true,"showMaterialUpdate":false,"showSkybox":true,"showFlares":true,"showImageEffects":true,"showParticleSystems":true},"in2DMode":false,"pivot":{"x":-1.5906898975372315,"y":6.282566070556641,"z":0.46683788299560549},"rotation":{"x":0.6131225824356079,"y":0.000002100262236126582,"z":3.9068180512913388e-7,"w":0.7899997234344482},"size":33.92842102050781,"orthographic":false}